{"cameraMode":{"drawMode":0,"name":"Shaded","section":"Shading Mode"},"sceneLighting":false,"audioPlay":false,"sceneViewState":{"showFog":true,"showMaterialUpdate":false,"showSkybox":false,"showFlares":true,"showImageEffects":true,"showParticleSystems":true,"showVisualEffectGraphs":true,"m_FxEnabled":true},"in2DMode":false,"pivot":{"x":-0.015198051929473877,"y":0.16897377371788026,"z":0.263753205537796},"rotation":{"x":-0.04004162922501564,"y":0.9585506916046143,"z":-0.22424587607383729,"w":-0.1711597889661789},"size":0.05595052242279053,"orthographic":false}