{"cameraMode":{"drawMode":0,"name":"Shaded","section":"Shading Mode"},"sceneLighting":true,"audioPlay":false,"sceneViewState":{"showFog":true,"showMaterialUpdate":false,"showSkybox":true,"showFlares":true,"showImageEffects":true,"showParticleSystems":true,"showVisualEffectGraphs":true,"m_FxEnabled":true},"in2DMode":false,"pivot":{"x":0.041878968477249148,"y":0.10429595410823822,"z":-0.12392449378967285},"rotation":{"x":-0.0005319506162777543,"y":0.9938707947731018,"z":-0.004780139774084091,"w":-0.11047179996967316},"size":0.40710699558258059,"orthographic":false}