{"cameraMode":{"drawMode":0,"name":"Shaded","section":"Shading Mode"},"sceneLighting":true,"audioPlay":false,"sceneViewState":{"showFog":true,"showMaterialUpdate":false,"showSkybox":true,"showFlares":true,"showImageEffects":true,"showParticleSystems":true,"showVisualEffectGraphs":true,"m_FxEnabled":true},"in2DMode":false,"pivot":{"x":-0.028178036212921144,"y":0.6562931537628174,"z":-1.3160426616668702},"rotation":{"x":-0.025865042582154275,"y":0.8941797018051148,"z":-0.44392216205596926,"w":-0.052098821848630908},"size":2.8071067333221437,"orthographic":false}