{"cameraMode":{"drawMode":0,"name":"Shaded","section":"Shading Mode"},"sceneLighting":false,"audioPlay":false,"sceneViewState":{"showFog":true,"showMaterialUpdate":false,"showSkybox":false,"showFlares":true,"showImageEffects":true,"showParticleSystems":true},"in2DMode":false,"pivot":{"x":-0.01606619358062744,"y":0.03946608304977417,"z":0.08216738700866699},"rotation":{"x":-0.06049909442663193,"y":0.9088121652603149,"z":-0.1418277472257614,"w":-0.3876711130142212},"size":0.7330126166343689,"orthographic":false}