{"cameraMode":{"drawMode":0,"name":"Shaded","section":"Shading Mode"},"sceneLighting":true,"audioPlay":false,"sceneViewState":{"showFog":true,"showMaterialUpdate":false,"showSkybox":true,"showFlares":true,"showImageEffects":true,"showParticleSystems":true},"in2DMode":false,"pivot":{"x":-0.028571568429470063,"y":0.18507128953933717,"z":-0.00023478269577026367},"rotation":{"x":-0.00024002361169550568,"y":0.9996970295906067,"z":-0.010806720703840256,"w":-0.02219577133655548},"size":0.4330126941204071,"orthographic":false}