{"cameraMode":{"drawMode":0,"name":"Shaded","section":"Shading Mode"},"sceneLighting":false,"audioPlay":false,"sceneViewState":{"showFog":true,"showMaterialUpdate":false,"showSkybox":false,"showFlares":true,"showImageEffects":true,"showParticleSystems":true,"showVisualEffectGraphs":true,"m_FxEnabled":true},"in2DMode":false,"pivot":{"x":0.019255757331848146,"y":2.1497530937194826,"z":0.3730734586715698},"rotation":{"x":-0.05686164274811745,"y":0.9375400543212891,"z":-0.18401405215263368,"w":-0.28970569372177126},"size":3.766587257385254,"orthographic":false}